,Gen,Proba1,Proba2,Proba3
0,GenA,5.1,3.2,6.3
1,GenB,2.3,4.5,5.6
2,GenC,3.9333333333333336,3.9,6.166666666666667
3,GenD,4.4,3.8666666666666667,6.6
